<?xml version="1.0" encoding="UTF-8" ?>
<!DOCTYPE mapper PUBLIC "-//mybatis.org//DTD Mapper 3.0//EN" "http://mybatis.org/dtd/mybatis-3-mapper.dtd" >
<mapper namespace="cn.edu.bupt.bnrc.dao.EquipmentMapper" >
  <resultMap id="BaseResultMap" type="cn.edu.bupt.bnrc.pojo.Equipment" >
    <id column="equip_id" property="equipId" jdbcType="INTEGER" />
    <result column="cab_id" property="cabId" jdbcType="INTEGER" />
    <result column="mr_id" property="mrId" jdbcType="INTEGER" />
    <result column="equip_name" property="equipName" jdbcType="VARCHAR" />
    <result column="equip_length" property="equipLength" jdbcType="VARCHAR" />
    <result column="equip_width" property="equipWidth" jdbcType="VARCHAR" />
    <result column="equip_height" property="equipHeight" jdbcType="VARCHAR" />
    <result column="equip_brand" property="equipBrand" jdbcType="VARCHAR" />
    <result column="equip_version" property="equipVersion" jdbcType="VARCHAR" />
    <result column="equip_location" property="equipLocation" jdbcType="VARCHAR" />
    <result column="equip_picture" property="equipPicture" jdbcType="VARCHAR" />
    <result column="equip_type" property="equipType" jdbcType="VARCHAR" />
    <result column="equip_remark" property="equipRemark" jdbcType="VARCHAR" />
    <result column="equip_extra" property="equipExtra" jdbcType="VARCHAR" />
  </resultMap>
  <sql id="Example_Where_Clause" >
    <where >
      <foreach collection="oredCriteria" item="criteria" separator="or" >
        <if test="criteria.valid" >
          <trim prefix="(" suffix=")" prefixOverrides="and" >
            <foreach collection="criteria.criteria" item="criterion" >
              <choose >
                <when test="criterion.noValue" >
                  and ${criterion.condition}
                </when>
                <when test="criterion.singleValue" >
                  and ${criterion.condition} #{criterion.value}
                </when>
                <when test="criterion.betweenValue" >
                  and ${criterion.condition} #{criterion.value} and #{criterion.secondValue}
                </when>
                <when test="criterion.listValue" >
                  and ${criterion.condition}
                  <foreach collection="criterion.value" item="listItem" open="(" close=")" separator="," >
                    #{listItem}
                  </foreach>
                </when>
              </choose>
            </foreach>
          </trim>
        </if>
      </foreach>
    </where>
  </sql>
  <sql id="Update_By_Example_Where_Clause" >
    <where >
      <foreach collection="example.oredCriteria" item="criteria" separator="or" >
        <if test="criteria.valid" >
          <trim prefix="(" suffix=")" prefixOverrides="and" >
            <foreach collection="criteria.criteria" item="criterion" >
              <choose >
                <when test="criterion.noValue" >
                  and ${criterion.condition}
                </when>
                <when test="criterion.singleValue" >
                  and ${criterion.condition} #{criterion.value}
                </when>
                <when test="criterion.betweenValue" >
                  and ${criterion.condition} #{criterion.value} and #{criterion.secondValue}
                </when>
                <when test="criterion.listValue" >
                  and ${criterion.condition}
                  <foreach collection="criterion.value" item="listItem" open="(" close=")" separator="," >
                    #{listItem}
                  </foreach>
                </when>
              </choose>
            </foreach>
          </trim>
        </if>
      </foreach>
    </where>
  </sql>
  <sql id="Base_Column_List" >
    equip_id, cab_id, mr_id, equip_name, equip_length, equip_width, equip_height, equip_brand, 
    equip_version, equip_location, equip_picture, equip_type, equip_remark, equip_extra
  </sql>
  <select id="selectByExample" resultMap="BaseResultMap" parameterType="cn.edu.bupt.bnrc.pojo.EquipmentExample" >
    select
    <if test="distinct" >
      distinct
    </if>
    <include refid="Base_Column_List" />
    from equipment
    <if test="_parameter != null" >
      <include refid="Example_Where_Clause" />
    </if>
    <if test="orderByClause != null" >
      order by ${orderByClause}
    </if>
  </select>

  <select id="queryByRoomIds" resultMap="BaseResultMap" >
    select
    *
    from equipment
    where mr_id in
    <foreach collection="list" item="id" index="index" open="(" close=")" separator=",">
      #{id}
    </foreach>
  </select>

  <select id="checkExist" resultMap="BaseResultMap" >
    select
    *
    from equipment
    where mr_id = #{mrId,jdbcType=INTEGER} and cab_id = #{cabId,jdbcType=INTEGER} and equip_name = #{equipName,jdbcType=VARCHAR}
  </select>

  <select id="selectByPrimaryKey" resultMap="BaseResultMap" parameterType="java.lang.Integer" >
    select 
    <include refid="Base_Column_List" />
    from equipment
    where equip_id = #{equipId,jdbcType=INTEGER}
  </select>
  <delete id="deleteByPrimaryKey" parameterType="java.lang.Integer" >
    delete from equipment
    where equip_id = #{equipId,jdbcType=INTEGER}
  </delete>
  <delete id="deleteByExample" parameterType="cn.edu.bupt.bnrc.pojo.EquipmentExample" >
    delete from equipment
    <if test="_parameter != null" >
      <include refid="Example_Where_Clause" />
    </if>
  </delete>
  <insert id="insert" parameterType="cn.edu.bupt.bnrc.pojo.Equipment" >
    insert into equipment (equip_id, cab_id, mr_id, 
      equip_name, equip_length, equip_width, 
      equip_height, equip_brand, equip_version, 
      equip_location, equip_picture, equip_type, 
      equip_remark, equip_extra)
    values (#{equipId,jdbcType=INTEGER}, #{cabId,jdbcType=INTEGER}, #{mrId,jdbcType=INTEGER}, 
      #{equipName,jdbcType=VARCHAR}, #{equipLength,jdbcType=VARCHAR}, #{equipWidth,jdbcType=VARCHAR}, 
      #{equipHeight,jdbcType=VARCHAR}, #{equipBrand,jdbcType=VARCHAR}, #{equipVersion,jdbcType=VARCHAR}, 
      #{equipLocation,jdbcType=VARCHAR}, #{equipPicture,jdbcType=VARCHAR}, #{equipType,jdbcType=VARCHAR}, 
      #{equipRemark,jdbcType=VARCHAR}, #{equipExtra,jdbcType=VARCHAR})
  </insert>
  <insert id="insertSelective" parameterType="cn.edu.bupt.bnrc.pojo.Equipment" >
    insert into equipment
    <trim prefix="(" suffix=")" suffixOverrides="," >
      <if test="equipId != null" >
        equip_id,
      </if>
      <if test="cabId != null" >
        cab_id,
      </if>
      <if test="mrId != null" >
        mr_id,
      </if>
      <if test="equipName != null" >
        equip_name,
      </if>
      <if test="equipLength != null" >
        equip_length,
      </if>
      <if test="equipWidth != null" >
        equip_width,
      </if>
      <if test="equipHeight != null" >
        equip_height,
      </if>
      <if test="equipBrand != null" >
        equip_brand,
      </if>
      <if test="equipVersion != null" >
        equip_version,
      </if>
      <if test="equipLocation != null" >
        equip_location,
      </if>
      <if test="equipPicture != null" >
        equip_picture,
      </if>
      <if test="equipType != null" >
        equip_type,
      </if>
      <if test="equipRemark != null" >
        equip_remark,
      </if>
      <if test="equipExtra != null" >
        equip_extra,
      </if>
    </trim>
    <trim prefix="values (" suffix=")" suffixOverrides="," >
      <if test="equipId != null" >
        #{equipId,jdbcType=INTEGER},
      </if>
      <if test="cabId != null" >
        #{cabId,jdbcType=INTEGER},
      </if>
      <if test="mrId != null" >
        #{mrId,jdbcType=INTEGER},
      </if>
      <if test="equipName != null" >
        #{equipName,jdbcType=VARCHAR},
      </if>
      <if test="equipLength != null" >
        #{equipLength,jdbcType=VARCHAR},
      </if>
      <if test="equipWidth != null" >
        #{equipWidth,jdbcType=VARCHAR},
      </if>
      <if test="equipHeight != null" >
        #{equipHeight,jdbcType=VARCHAR},
      </if>
      <if test="equipBrand != null" >
        #{equipBrand,jdbcType=VARCHAR},
      </if>
      <if test="equipVersion != null" >
        #{equipVersion,jdbcType=VARCHAR},
      </if>
      <if test="equipLocation != null" >
        #{equipLocation,jdbcType=VARCHAR},
      </if>
      <if test="equipPicture != null" >
        #{equipPicture,jdbcType=VARCHAR},
      </if>
      <if test="equipType != null" >
        #{equipType,jdbcType=VARCHAR},
      </if>
      <if test="equipRemark != null" >
        #{equipRemark,jdbcType=VARCHAR},
      </if>
      <if test="equipExtra != null" >
        #{equipExtra,jdbcType=VARCHAR},
      </if>
    </trim>
  </insert>
  <select id="countByExample" parameterType="cn.edu.bupt.bnrc.pojo.EquipmentExample" resultType="java.lang.Integer" >
    select count(*) from equipment
    <if test="_parameter != null" >
      <include refid="Example_Where_Clause" />
    </if>
  </select>
  <update id="updateByExampleSelective" parameterType="map" >
    update equipment
    <set >
      <if test="record.equipId != null" >
        equip_id = #{record.equipId,jdbcType=INTEGER},
      </if>
      <if test="record.cabId != null" >
        cab_id = #{record.cabId,jdbcType=INTEGER},
      </if>
      <if test="record.mrId != null" >
        mr_id = #{record.mrId,jdbcType=INTEGER},
      </if>
      <if test="record.equipName != null" >
        equip_name = #{record.equipName,jdbcType=VARCHAR},
      </if>
      <if test="record.equipLength != null" >
        equip_length = #{record.equipLength,jdbcType=VARCHAR},
      </if>
      <if test="record.equipWidth != null" >
        equip_width = #{record.equipWidth,jdbcType=VARCHAR},
      </if>
      <if test="record.equipHeight != null" >
        equip_height = #{record.equipHeight,jdbcType=VARCHAR},
      </if>
      <if test="record.equipBrand != null" >
        equip_brand = #{record.equipBrand,jdbcType=VARCHAR},
      </if>
      <if test="record.equipVersion != null" >
        equip_version = #{record.equipVersion,jdbcType=VARCHAR},
      </if>
      <if test="record.equipLocation != null" >
        equip_location = #{record.equipLocation,jdbcType=VARCHAR},
      </if>
      <if test="record.equipPicture != null" >
        equip_picture = #{record.equipPicture,jdbcType=VARCHAR},
      </if>
      <if test="record.equipType != null" >
        equip_type = #{record.equipType,jdbcType=VARCHAR},
      </if>
      <if test="record.equipRemark != null" >
        equip_remark = #{record.equipRemark,jdbcType=VARCHAR},
      </if>
      <if test="record.equipExtra != null" >
        equip_extra = #{record.equipExtra,jdbcType=VARCHAR},
      </if>
    </set>
    <if test="_parameter != null" >
      <include refid="Update_By_Example_Where_Clause" />
    </if>
  </update>
  <update id="updateByExample" parameterType="map" >
    update equipment
    set equip_id = #{record.equipId,jdbcType=INTEGER},
      cab_id = #{record.cabId,jdbcType=INTEGER},
      mr_id = #{record.mrId,jdbcType=INTEGER},
      equip_name = #{record.equipName,jdbcType=VARCHAR},
      equip_length = #{record.equipLength,jdbcType=VARCHAR},
      equip_width = #{record.equipWidth,jdbcType=VARCHAR},
      equip_height = #{record.equipHeight,jdbcType=VARCHAR},
      equip_brand = #{record.equipBrand,jdbcType=VARCHAR},
      equip_version = #{record.equipVersion,jdbcType=VARCHAR},
      equip_location = #{record.equipLocation,jdbcType=VARCHAR},
      equip_picture = #{record.equipPicture,jdbcType=VARCHAR},
      equip_type = #{record.equipType,jdbcType=VARCHAR},
      equip_remark = #{record.equipRemark,jdbcType=VARCHAR},
      equip_extra = #{record.equipExtra,jdbcType=VARCHAR}
    <if test="_parameter != null" >
      <include refid="Update_By_Example_Where_Clause" />
    </if>
  </update>
  <update id="updateByPrimaryKeySelective" parameterType="cn.edu.bupt.bnrc.pojo.Equipment" >
    update equipment
    <set >
      <if test="cabId != null" >
        cab_id = #{cabId,jdbcType=INTEGER},
      </if>
      <if test="mrId != null" >
        mr_id = #{mrId,jdbcType=INTEGER},
      </if>
      <if test="equipName != null" >
        equip_name = #{equipName,jdbcType=VARCHAR},
      </if>
      <if test="equipLength != null" >
        equip_length = #{equipLength,jdbcType=VARCHAR},
      </if>
      <if test="equipWidth != null" >
        equip_width = #{equipWidth,jdbcType=VARCHAR},
      </if>
      <if test="equipHeight != null" >
        equip_height = #{equipHeight,jdbcType=VARCHAR},
      </if>
      <if test="equipBrand != null" >
        equip_brand = #{equipBrand,jdbcType=VARCHAR},
      </if>
      <if test="equipVersion != null" >
        equip_version = #{equipVersion,jdbcType=VARCHAR},
      </if>
      <if test="equipLocation != null" >
        equip_location = #{equipLocation,jdbcType=VARCHAR},
      </if>
      <if test="equipPicture != null" >
        equip_picture = #{equipPicture,jdbcType=VARCHAR},
      </if>
      <if test="equipType != null" >
        equip_type = #{equipType,jdbcType=VARCHAR},
      </if>
      <if test="equipRemark != null" >
        equip_remark = #{equipRemark,jdbcType=VARCHAR},
      </if>
      <if test="equipExtra != null" >
        equip_extra = #{equipExtra,jdbcType=VARCHAR},
      </if>
    </set>
    where equip_id = #{equipId,jdbcType=INTEGER}
  </update>
  <update id="updateByPrimaryKey" parameterType="cn.edu.bupt.bnrc.pojo.Equipment" >
    update equipment
    set cab_id = #{cabId,jdbcType=INTEGER},
      mr_id = #{mrId,jdbcType=INTEGER},
      equip_name = #{equipName,jdbcType=VARCHAR},
      equip_length = #{equipLength,jdbcType=VARCHAR},
      equip_width = #{equipWidth,jdbcType=VARCHAR},
      equip_height = #{equipHeight,jdbcType=VARCHAR},
      equip_brand = #{equipBrand,jdbcType=VARCHAR},
      equip_version = #{equipVersion,jdbcType=VARCHAR},
      equip_location = #{equipLocation,jdbcType=VARCHAR},
      equip_picture = #{equipPicture,jdbcType=VARCHAR},
      equip_type = #{equipType,jdbcType=VARCHAR},
      equip_remark = #{equipRemark,jdbcType=VARCHAR},
      equip_extra = #{equipExtra,jdbcType=VARCHAR}
    where equip_id = #{equipId,jdbcType=INTEGER}
  </update>
</mapper>