<?xml version="1.0" encoding="UTF-8" ?>
<!DOCTYPE mapper PUBLIC "-//mybatis.org//DTD Mapper 3.0//EN" "http://mybatis.org/dtd/mybatis-3-mapper.dtd" >
<mapper namespace="cn.edu.bupt.bnrc.dao.MachineroomMapper" >
  <resultMap id="BaseResultMap" type="cn.edu.bupt.bnrc.pojo.Machineroom" >
    <id column="mr_id" property="mrId" jdbcType="INTEGER" />
    <result column="user_id" property="userId" jdbcType="INTEGER" />
    <result column="mr_name" property="mrName" jdbcType="VARCHAR" />
    <result column="mr_length" property="mrLength" jdbcType="VARCHAR" />
    <result column="mr_width" property="mrWidth" jdbcType="VARCHAR" />
    <result column="mr_height" property="mrHeight" jdbcType="VARCHAR" />
    <result column="mr_picture" property="mrPicture" jdbcType="VARCHAR" />
    <result column="mr_model" property="mrModel" jdbcType="VARCHAR" />
    <result column="mr_location" property="mrLocation" jdbcType="VARCHAR" />
    <result column="mr_remark" property="mrRemark" jdbcType="VARCHAR" />
    <result column="mr_extra" property="mrExtra" jdbcType="VARCHAR" />
  </resultMap>
  <sql id="Example_Where_Clause" >
    <where >
      <foreach collection="oredCriteria" item="criteria" separator="or" >
        <if test="criteria.valid" >
          <trim prefix="(" suffix=")" prefixOverrides="and" >
            <foreach collection="criteria.criteria" item="criterion" >
              <choose >
                <when test="criterion.noValue" >
                  and ${criterion.condition}
                </when>
                <when test="criterion.singleValue" >
                  and ${criterion.condition} #{criterion.value}
                </when>
                <when test="criterion.betweenValue" >
                  and ${criterion.condition} #{criterion.value} and #{criterion.secondValue}
                </when>
                <when test="criterion.listValue" >
                  and ${criterion.condition}
                  <foreach collection="criterion.value" item="listItem" open="(" close=")" separator="," >
                    #{listItem}
                  </foreach>
                </when>
              </choose>
            </foreach>
          </trim>
        </if>
      </foreach>
    </where>
  </sql>
  <sql id="Update_By_Example_Where_Clause" >
    <where >
      <foreach collection="example.oredCriteria" item="criteria" separator="or" >
        <if test="criteria.valid" >
          <trim prefix="(" suffix=")" prefixOverrides="and" >
            <foreach collection="criteria.criteria" item="criterion" >
              <choose >
                <when test="criterion.noValue" >
                  and ${criterion.condition}
                </when>
                <when test="criterion.singleValue" >
                  and ${criterion.condition} #{criterion.value}
                </when>
                <when test="criterion.betweenValue" >
                  and ${criterion.condition} #{criterion.value} and #{criterion.secondValue}
                </when>
                <when test="criterion.listValue" >
                  and ${criterion.condition}
                  <foreach collection="criterion.value" item="listItem" open="(" close=")" separator="," >
                    #{listItem}
                  </foreach>
                </when>
              </choose>
            </foreach>
          </trim>
        </if>
      </foreach>
    </where>
  </sql>
  <sql id="Base_Column_List" >
    mr_id, user_id, mr_name, mr_length, mr_width, mr_height, mr_picture, mr_model, mr_location, 
    mr_remark, mr_extra
  </sql>
  <select id="selectByExample" resultMap="BaseResultMap" parameterType="cn.edu.bupt.bnrc.pojo.MachineroomExample" >
    select
    <if test="distinct" >
      distinct
    </if>
    <include refid="Base_Column_List" />
    from machineroom
    <if test="_parameter != null" >
      <include refid="Example_Where_Clause" />
    </if>
    <if test="orderByClause != null" >
      order by ${orderByClause}
    </if>
  </select>
  <select id="selectByPrimaryKey" resultMap="BaseResultMap" parameterType="java.lang.Integer" >
    select 
    <include refid="Base_Column_List" />
    from machineroom
    where mr_id = #{mrId,jdbcType=INTEGER}
  </select>
  <delete id="deleteByPrimaryKey" parameterType="java.lang.Integer" >
    delete from machineroom
    where mr_id = #{mrId,jdbcType=INTEGER}
  </delete>
  <delete id="deleteByExample" parameterType="cn.edu.bupt.bnrc.pojo.MachineroomExample" >
    delete from machineroom
    <if test="_parameter != null" >
      <include refid="Example_Where_Clause" />
    </if>
  </delete>
  <insert id="insert" parameterType="cn.edu.bupt.bnrc.pojo.Machineroom" >
    insert into machineroom (mr_id, user_id, mr_name, 
      mr_length, mr_width, mr_height, 
      mr_picture, mr_model, mr_location, 
      mr_remark, mr_extra)
    values (#{mrId,jdbcType=INTEGER}, #{userId,jdbcType=INTEGER}, #{mrName,jdbcType=VARCHAR}, 
      #{mrLength,jdbcType=VARCHAR}, #{mrWidth,jdbcType=VARCHAR}, #{mrHeight,jdbcType=VARCHAR}, 
      #{mrPicture,jdbcType=VARCHAR}, #{mrModel,jdbcType=VARCHAR}, #{mrLocation,jdbcType=VARCHAR}, 
      #{mrRemark,jdbcType=VARCHAR}, #{mrExtra,jdbcType=VARCHAR})
  </insert>
  <insert id="insertSelective" parameterType="cn.edu.bupt.bnrc.pojo.Machineroom" >
    insert into machineroom
    <trim prefix="(" suffix=")" suffixOverrides="," >
      <if test="mrId != null" >
        mr_id,
      </if>
      <if test="userId != null" >
        user_id,
      </if>
      <if test="mrName != null" >
        mr_name,
      </if>
      <if test="mrLength != null" >
        mr_length,
      </if>
      <if test="mrWidth != null" >
        mr_width,
      </if>
      <if test="mrHeight != null" >
        mr_height,
      </if>
      <if test="mrPicture != null" >
        mr_picture,
      </if>
      <if test="mrModel != null" >
        mr_model,
      </if>
      <if test="mrLocation != null" >
        mr_location,
      </if>
      <if test="mrRemark != null" >
        mr_remark,
      </if>
      <if test="mrExtra != null" >
        mr_extra,
      </if>
    </trim>
    <trim prefix="values (" suffix=")" suffixOverrides="," >
      <if test="mrId != null" >
        #{mrId,jdbcType=INTEGER},
      </if>
      <if test="userId != null" >
        #{userId,jdbcType=INTEGER},
      </if>
      <if test="mrName != null" >
        #{mrName,jdbcType=VARCHAR},
      </if>
      <if test="mrLength != null" >
        #{mrLength,jdbcType=VARCHAR},
      </if>
      <if test="mrWidth != null" >
        #{mrWidth,jdbcType=VARCHAR},
      </if>
      <if test="mrHeight != null" >
        #{mrHeight,jdbcType=VARCHAR},
      </if>
      <if test="mrPicture != null" >
        #{mrPicture,jdbcType=VARCHAR},
      </if>
      <if test="mrModel != null" >
        #{mrModel,jdbcType=VARCHAR},
      </if>
      <if test="mrLocation != null" >
        #{mrLocation,jdbcType=VARCHAR},
      </if>
      <if test="mrRemark != null" >
        #{mrRemark,jdbcType=VARCHAR},
      </if>
      <if test="mrExtra != null" >
        #{mrExtra,jdbcType=VARCHAR},
      </if>
    </trim>
  </insert>
  <select id="countByExample" parameterType="cn.edu.bupt.bnrc.pojo.MachineroomExample" resultType="java.lang.Integer" >
    select count(*) from machineroom
    <if test="_parameter != null" >
      <include refid="Example_Where_Clause" />
    </if>
  </select>

  <select id="queryAllRooms" resultMap="BaseResultMap" parameterType="java.lang.Integer"  >
    select
    *
    from machineroom
    where user_id = #{userId,jdbcType=INTEGER}
  </select>

  <select id="queryAllRoomIds" resultType="java.lang.Integer" parameterType="java.lang.Integer">
    select
    mr_id
    from machineroom
    where user_id = #{userId,jdbcType=INTEGER}
  </select>

  <select id="selectByRoomname" resultMap="BaseResultMap" parameterType="java.lang.String">
    select
    *
    from machineroom
    where mr_name = #{mrName,jdbcType=VARCHAR}
  </select>
  <select id="queryMachineMap" >
    select
    mr_id,mr_name
    from machineroom
  </select>



  <update id="updateByExampleSelective" parameterType="map" >
    update machineroom
    <set >
      <if test="record.mrId != null" >
        mr_id = #{record.mrId,jdbcType=INTEGER},
      </if>
      <if test="record.userId != null" >
        user_id = #{record.userId,jdbcType=INTEGER},
      </if>
      <if test="record.mrName != null" >
        mr_name = #{record.mrName,jdbcType=VARCHAR},
      </if>
      <if test="record.mrLength != null" >
        mr_length = #{record.mrLength,jdbcType=VARCHAR},
      </if>
      <if test="record.mrWidth != null" >
        mr_width = #{record.mrWidth,jdbcType=VARCHAR},
      </if>
      <if test="record.mrHeight != null" >
        mr_height = #{record.mrHeight,jdbcType=VARCHAR},
      </if>
      <if test="record.mrPicture != null" >
        mr_picture = #{record.mrPicture,jdbcType=VARCHAR},
      </if>
      <if test="record.mrModel != null" >
        mr_model = #{record.mrModel,jdbcType=VARCHAR},
      </if>
      <if test="record.mrLocation != null" >
        mr_location = #{record.mrLocation,jdbcType=VARCHAR},
      </if>
      <if test="record.mrRemark != null" >
        mr_remark = #{record.mrRemark,jdbcType=VARCHAR},
      </if>
      <if test="record.mrExtra != null" >
        mr_extra = #{record.mrExtra,jdbcType=VARCHAR},
      </if>
    </set>
    <if test="_parameter != null" >
      <include refid="Update_By_Example_Where_Clause" />
    </if>
  </update>
  <update id="updateByExample" parameterType="map" >
    update machineroom
    set mr_id = #{record.mrId,jdbcType=INTEGER},
      user_id = #{record.userId,jdbcType=INTEGER},
      mr_name = #{record.mrName,jdbcType=VARCHAR},
      mr_length = #{record.mrLength,jdbcType=VARCHAR},
      mr_width = #{record.mrWidth,jdbcType=VARCHAR},
      mr_height = #{record.mrHeight,jdbcType=VARCHAR},
      mr_picture = #{record.mrPicture,jdbcType=VARCHAR},
      mr_model = #{record.mrModel,jdbcType=VARCHAR},
      mr_location = #{record.mrLocation,jdbcType=VARCHAR},
      mr_remark = #{record.mrRemark,jdbcType=VARCHAR},
      mr_extra = #{record.mrExtra,jdbcType=VARCHAR}
    <if test="_parameter != null" >
      <include refid="Update_By_Example_Where_Clause" />
    </if>
  </update>
  <update id="updateByPrimaryKeySelective" parameterType="cn.edu.bupt.bnrc.pojo.Machineroom" >
    update machineroom
    <set >
      <if test="userId != null" >
        user_id = #{userId,jdbcType=INTEGER},
      </if>
      <if test="mrName != null" >
        mr_name = #{mrName,jdbcType=VARCHAR},
      </if>
      <if test="mrLength != null" >
        mr_length = #{mrLength,jdbcType=VARCHAR},
      </if>
      <if test="mrWidth != null" >
        mr_width = #{mrWidth,jdbcType=VARCHAR},
      </if>
      <if test="mrHeight != null" >
        mr_height = #{mrHeight,jdbcType=VARCHAR},
      </if>
      <if test="mrPicture != null" >
        mr_picture = #{mrPicture,jdbcType=VARCHAR},
      </if>
      <if test="mrModel != null" >
        mr_model = #{mrModel,jdbcType=VARCHAR},
      </if>
      <if test="mrLocation != null" >
        mr_location = #{mrLocation,jdbcType=VARCHAR},
      </if>
      <if test="mrRemark != null" >
        mr_remark = #{mrRemark,jdbcType=VARCHAR},
      </if>
      <if test="mrExtra != null" >
        mr_extra = #{mrExtra,jdbcType=VARCHAR},
      </if>
    </set>
    where mr_id = #{mrId,jdbcType=INTEGER}
  </update>
  <update id="updateByPrimaryKey" parameterType="cn.edu.bupt.bnrc.pojo.Machineroom" >
    update machineroom
    set user_id = #{userId,jdbcType=INTEGER},
      mr_name = #{mrName,jdbcType=VARCHAR},
      mr_length = #{mrLength,jdbcType=VARCHAR},
      mr_width = #{mrWidth,jdbcType=VARCHAR},
      mr_height = #{mrHeight,jdbcType=VARCHAR},
      mr_picture = #{mrPicture,jdbcType=VARCHAR},
      mr_model = #{mrModel,jdbcType=VARCHAR},
      mr_location = #{mrLocation,jdbcType=VARCHAR},
      mr_remark = #{mrRemark,jdbcType=VARCHAR},
      mr_extra = #{mrExtra,jdbcType=VARCHAR}
    where mr_id = #{mrId,jdbcType=INTEGER}
  </update>
</mapper>