<?xml version="1.0" encoding="UTF-8" ?>
<!DOCTYPE mapper PUBLIC "-//mybatis.org//DTD Mapper 3.0//EN" "http://mybatis.org/dtd/mybatis-3-mapper.dtd" >
<mapper namespace="cn.edu.bupt.bnrc.dao.PermissionMapper" >
  <resultMap id="BaseResultMap" type="cn.edu.bupt.bnrc.pojo.Permission" >
    <id column="per_id" property="perId" jdbcType="INTEGER" />
    <result column="per_url" property="perUrl" jdbcType="VARCHAR" />
    <result column="per_remark" property="perRemark" jdbcType="VARCHAR" />
    <result column="per_extra" property="perExtra" jdbcType="VARCHAR" />
  </resultMap>
  <sql id="Example_Where_Clause" >
    <where >
      <foreach collection="oredCriteria" item="criteria" separator="or" >
        <if test="criteria.valid" >
          <trim prefix="(" suffix=")" prefixOverrides="and" >
            <foreach collection="criteria.criteria" item="criterion" >
              <choose >
                <when test="criterion.noValue" >
                  and ${criterion.condition}
                </when>
                <when test="criterion.singleValue" >
                  and ${criterion.condition} #{criterion.value}
                </when>
                <when test="criterion.betweenValue" >
                  and ${criterion.condition} #{criterion.value} and #{criterion.secondValue}
                </when>
                <when test="criterion.listValue" >
                  and ${criterion.condition}
                  <foreach collection="criterion.value" item="listItem" open="(" close=")" separator="," >
                    #{listItem}
                  </foreach>
                </when>
              </choose>
            </foreach>
          </trim>
        </if>
      </foreach>
    </where>
  </sql>
  <sql id="Update_By_Example_Where_Clause" >
    <where >
      <foreach collection="example.oredCriteria" item="criteria" separator="or" >
        <if test="criteria.valid" >
          <trim prefix="(" suffix=")" prefixOverrides="and" >
            <foreach collection="criteria.criteria" item="criterion" >
              <choose >
                <when test="criterion.noValue" >
                  and ${criterion.condition}
                </when>
                <when test="criterion.singleValue" >
                  and ${criterion.condition} #{criterion.value}
                </when>
                <when test="criterion.betweenValue" >
                  and ${criterion.condition} #{criterion.value} and #{criterion.secondValue}
                </when>
                <when test="criterion.listValue" >
                  and ${criterion.condition}
                  <foreach collection="criterion.value" item="listItem" open="(" close=")" separator="," >
                    #{listItem}
                  </foreach>
                </when>
              </choose>
            </foreach>
          </trim>
        </if>
      </foreach>
    </where>
  </sql>
  <sql id="Base_Column_List" >
    per_id, per_url, per_remark, per_extra
  </sql>
  <select id="selectByExample" resultMap="BaseResultMap" parameterType="cn.edu.bupt.bnrc.pojo.PermissionExample" >
    select
    <if test="distinct" >
      distinct
    </if>
    <include refid="Base_Column_List" />
    from permission
    <if test="_parameter != null" >
      <include refid="Example_Where_Clause" />
    </if>
    <if test="orderByClause != null" >
      order by ${orderByClause}
    </if>
  </select>
  <select id="selectByPrimaryKey" resultMap="BaseResultMap" parameterType="java.lang.Integer" >
    select 
    <include refid="Base_Column_List" />
    from permission
    where per_id = #{perId,jdbcType=INTEGER}
  </select>
  <delete id="deleteByPrimaryKey" parameterType="java.lang.Integer" >
    delete from permission
    where per_id = #{perId,jdbcType=INTEGER}
  </delete>
  <delete id="deleteByExample" parameterType="cn.edu.bupt.bnrc.pojo.PermissionExample" >
    delete from permission
    <if test="_parameter != null" >
      <include refid="Example_Where_Clause" />
    </if>
  </delete>
  <insert id="insert" parameterType="cn.edu.bupt.bnrc.pojo.Permission" >
    insert into permission (per_id, per_url, per_remark, 
      per_extra)
    values (#{perId,jdbcType=INTEGER}, #{perUrl,jdbcType=VARCHAR}, #{perRemark,jdbcType=VARCHAR}, 
      #{perExtra,jdbcType=VARCHAR})
  </insert>
  <insert id="insertSelective" parameterType="cn.edu.bupt.bnrc.pojo.Permission" >
    insert into permission
    <trim prefix="(" suffix=")" suffixOverrides="," >
      <if test="perId != null" >
        per_id,
      </if>
      <if test="perUrl != null" >
        per_url,
      </if>
      <if test="perRemark != null" >
        per_remark,
      </if>
      <if test="perExtra != null" >
        per_extra,
      </if>
    </trim>
    <trim prefix="values (" suffix=")" suffixOverrides="," >
      <if test="perId != null" >
        #{perId,jdbcType=INTEGER},
      </if>
      <if test="perUrl != null" >
        #{perUrl,jdbcType=VARCHAR},
      </if>
      <if test="perRemark != null" >
        #{perRemark,jdbcType=VARCHAR},
      </if>
      <if test="perExtra != null" >
        #{perExtra,jdbcType=VARCHAR},
      </if>
    </trim>
  </insert>
  <select id="countByExample" parameterType="cn.edu.bupt.bnrc.pojo.PermissionExample" resultType="java.lang.Integer" >
    select count(*) from permission
    <if test="_parameter != null" >
      <include refid="Example_Where_Clause" />
    </if>
  </select>
  <update id="updateByExampleSelective" parameterType="map" >
    update permission
    <set >
      <if test="record.perId != null" >
        per_id = #{record.perId,jdbcType=INTEGER},
      </if>
      <if test="record.perUrl != null" >
        per_url = #{record.perUrl,jdbcType=VARCHAR},
      </if>
      <if test="record.perRemark != null" >
        per_remark = #{record.perRemark,jdbcType=VARCHAR},
      </if>
      <if test="record.perExtra != null" >
        per_extra = #{record.perExtra,jdbcType=VARCHAR},
      </if>
    </set>
    <if test="_parameter != null" >
      <include refid="Update_By_Example_Where_Clause" />
    </if>
  </update>
  <update id="updateByExample" parameterType="map" >
    update permission
    set per_id = #{record.perId,jdbcType=INTEGER},
      per_url = #{record.perUrl,jdbcType=VARCHAR},
      per_remark = #{record.perRemark,jdbcType=VARCHAR},
      per_extra = #{record.perExtra,jdbcType=VARCHAR}
    <if test="_parameter != null" >
      <include refid="Update_By_Example_Where_Clause" />
    </if>
  </update>
  <update id="updateByPrimaryKeySelective" parameterType="cn.edu.bupt.bnrc.pojo.Permission" >
    update permission
    <set >
      <if test="perUrl != null" >
        per_url = #{perUrl,jdbcType=VARCHAR},
      </if>
      <if test="perRemark != null" >
        per_remark = #{perRemark,jdbcType=VARCHAR},
      </if>
      <if test="perExtra != null" >
        per_extra = #{perExtra,jdbcType=VARCHAR},
      </if>
    </set>
    where per_id = #{perId,jdbcType=INTEGER}
  </update>
  <update id="updateByPrimaryKey" parameterType="cn.edu.bupt.bnrc.pojo.Permission" >
    update permission
    set per_url = #{perUrl,jdbcType=VARCHAR},
      per_remark = #{perRemark,jdbcType=VARCHAR},
      per_extra = #{perExtra,jdbcType=VARCHAR}
    where per_id = #{perId,jdbcType=INTEGER}
  </update>
</mapper>