<?xml version="1.0" encoding="UTF-8" ?>
<!DOCTYPE mapper PUBLIC "-//mybatis.org//DTD Mapper 3.0//EN" "http://mybatis.org/dtd/mybatis-3-mapper.dtd" >
<mapper namespace="cn.edu.bupt.bnrc.dao.UserMapper" >
  <resultMap id="BaseResultMap" type="cn.edu.bupt.bnrc.pojo.User" >
    <id column="user_id" property="userId" jdbcType="INTEGER" />
    <result column="user_name" property="userName" jdbcType="VARCHAR" />
    <result column="user_password" property="userPassword" jdbcType="VARCHAR" />
    <result column="user_email" property="userEmail" jdbcType="VARCHAR" />
    <result column="user_phone" property="userPhone" jdbcType="VARCHAR" />
    <result column="user_headImage" property="userHeadimage" jdbcType="VARCHAR" />
    <result column="user_signature" property="userSignature" jdbcType="VARCHAR" />
    <result column="user_role" property="userRole" jdbcType="INTEGER" />
    <result column="user_lastLogin" property="userLastlogin" jdbcType="VARCHAR" />
    <result column="user_remark" property="userRemark" jdbcType="VARCHAR" />
    <result column="user_extra" property="userExtra" jdbcType="VARCHAR" />
  </resultMap>
  <sql id="Example_Where_Clause" >
    <where >
      <foreach collection="oredCriteria" item="criteria" separator="or" >
        <if test="criteria.valid" >
          <trim prefix="(" suffix=")" prefixOverrides="and" >
            <foreach collection="criteria.criteria" item="criterion" >
              <choose >
                <when test="criterion.noValue" >
                  and ${criterion.condition}
                </when>
                <when test="criterion.singleValue" >
                  and ${criterion.condition} #{criterion.value}
                </when>
                <when test="criterion.betweenValue" >
                  and ${criterion.condition} #{criterion.value} and #{criterion.secondValue}
                </when>
                <when test="criterion.listValue" >
                  and ${criterion.condition}
                  <foreach collection="criterion.value" item="listItem" open="(" close=")" separator="," >
                    #{listItem}
                  </foreach>
                </when>
              </choose>
            </foreach>
          </trim>
        </if>
      </foreach>
    </where>
  </sql>
  <sql id="Update_By_Example_Where_Clause" >
    <where >
      <foreach collection="example.oredCriteria" item="criteria" separator="or" >
        <if test="criteria.valid" >
          <trim prefix="(" suffix=")" prefixOverrides="and" >
            <foreach collection="criteria.criteria" item="criterion" >
              <choose >
                <when test="criterion.noValue" >
                  and ${criterion.condition}
                </when>
                <when test="criterion.singleValue" >
                  and ${criterion.condition} #{criterion.value}
                </when>
                <when test="criterion.betweenValue" >
                  and ${criterion.condition} #{criterion.value} and #{criterion.secondValue}
                </when>
                <when test="criterion.listValue" >
                  and ${criterion.condition}
                  <foreach collection="criterion.value" item="listItem" open="(" close=")" separator="," >
                    #{listItem}
                  </foreach>
                </when>
              </choose>
            </foreach>
          </trim>
        </if>
      </foreach>
    </where>
  </sql>
  <sql id="Base_Column_List" >
    user_id, user_name, user_password, user_email, user_phone, user_headImage, user_signature, 
    user_role, user_lastLogin, user_remark, user_extra
  </sql>
  <select id="selectByExample" resultMap="BaseResultMap" parameterType="cn.edu.bupt.bnrc.pojo.UserExample" >
    select
    <if test="distinct" >
      distinct
    </if>
    <include refid="Base_Column_List" />
    from user
    <if test="_parameter != null" >
      <include refid="Example_Where_Clause" />
    </if>
    <if test="orderByClause != null" >
      order by ${orderByClause}
    </if>
  </select>
  <select id="selectByPrimaryKey" resultMap="BaseResultMap" parameterType="java.lang.Integer" >
    select 
    <include refid="Base_Column_List" />
    from user
    where user_id = #{userId,jdbcType=INTEGER}
  </select>
  <select id="selectUseridByUsername" resultType="java.lang.Integer" parameterType="java.lang.String" >
    select
    user_id
    from user
    where user_name = #{userName,jdbcType=VARCHAR}
  </select>


  <delete id="deleteByPrimaryKey" parameterType="java.lang.Integer" >
    delete from user
    where user_id = #{userId,jdbcType=INTEGER}
  </delete>
  <delete id="deleteByExample" parameterType="cn.edu.bupt.bnrc.pojo.UserExample" >
    delete from user
    <if test="_parameter != null" >
      <include refid="Example_Where_Clause" />
    </if>
  </delete>
  <insert id="insert" parameterType="cn.edu.bupt.bnrc.pojo.User" >
    insert into user (user_id, user_name, user_password, 
      user_email, user_phone, user_headImage, 
      user_signature, user_role, user_lastLogin, 
      user_remark, user_extra)
    values (#{userId,jdbcType=INTEGER}, #{userName,jdbcType=VARCHAR}, #{userPassword,jdbcType=VARCHAR}, 
      #{userEmail,jdbcType=VARCHAR}, #{userPhone,jdbcType=VARCHAR}, #{userHeadimage,jdbcType=VARCHAR}, 
      #{userSignature,jdbcType=VARCHAR}, #{userRole,jdbcType=INTEGER}, #{userLastlogin,jdbcType=VARCHAR}, 
      #{userRemark,jdbcType=VARCHAR}, #{userExtra,jdbcType=VARCHAR})
  </insert>
  <insert id="insertSelective" parameterType="cn.edu.bupt.bnrc.pojo.User" >
    insert into user
    <trim prefix="(" suffix=")" suffixOverrides="," >
      <if test="userId != null" >
        user_id,
      </if>
      <if test="userName != null" >
        user_name,
      </if>
      <if test="userPassword != null" >
        user_password,
      </if>
      <if test="userEmail != null" >
        user_email,
      </if>
      <if test="userPhone != null" >
        user_phone,
      </if>
      <if test="userHeadimage != null" >
        user_headImage,
      </if>
      <if test="userSignature != null" >
        user_signature,
      </if>
      <if test="userRole != null" >
        user_role,
      </if>
      <if test="userLastlogin != null" >
        user_lastLogin,
      </if>
      <if test="userRemark != null" >
        user_remark,
      </if>
      <if test="userExtra != null" >
        user_extra,
      </if>
    </trim>
    <trim prefix="values (" suffix=")" suffixOverrides="," >
      <if test="userId != null" >
        #{userId,jdbcType=INTEGER},
      </if>
      <if test="userName != null" >
        #{userName,jdbcType=VARCHAR},
      </if>
      <if test="userPassword != null" >
        #{userPassword,jdbcType=VARCHAR},
      </if>
      <if test="userEmail != null" >
        #{userEmail,jdbcType=VARCHAR},
      </if>
      <if test="userPhone != null" >
        #{userPhone,jdbcType=VARCHAR},
      </if>
      <if test="userHeadimage != null" >
        #{userHeadimage,jdbcType=VARCHAR},
      </if>
      <if test="userSignature != null" >
        #{userSignature,jdbcType=VARCHAR},
      </if>
      <if test="userRole != null" >
        #{userRole,jdbcType=INTEGER},
      </if>
      <if test="userLastlogin != null" >
        #{userLastlogin,jdbcType=VARCHAR},
      </if>
      <if test="userRemark != null" >
        #{userRemark,jdbcType=VARCHAR},
      </if>
      <if test="userExtra != null" >
        #{userExtra,jdbcType=VARCHAR},
      </if>
    </trim>
  </insert>
  <select id="countByExample" parameterType="cn.edu.bupt.bnrc.pojo.UserExample" resultType="java.lang.Integer" >
    select count(*) from user
    <if test="_parameter != null" >
      <include refid="Example_Where_Clause" />
    </if>
  </select>
  <update id="updateByExampleSelective" parameterType="map" >
    update user
    <set >
      <if test="record.userId != null" >
        user_id = #{record.userId,jdbcType=INTEGER},
      </if>
      <if test="record.userName != null" >
        user_name = #{record.userName,jdbcType=VARCHAR},
      </if>
      <if test="record.userPassword != null" >
        user_password = #{record.userPassword,jdbcType=VARCHAR},
      </if>
      <if test="record.userEmail != null" >
        user_email = #{record.userEmail,jdbcType=VARCHAR},
      </if>
      <if test="record.userPhone != null" >
        user_phone = #{record.userPhone,jdbcType=VARCHAR},
      </if>
      <if test="record.userHeadimage != null" >
        user_headImage = #{record.userHeadimage,jdbcType=VARCHAR},
      </if>
      <if test="record.userSignature != null" >
        user_signature = #{record.userSignature,jdbcType=VARCHAR},
      </if>
      <if test="record.userRole != null" >
        user_role = #{record.userRole,jdbcType=INTEGER},
      </if>
      <if test="record.userLastlogin != null" >
        user_lastLogin = #{record.userLastlogin,jdbcType=VARCHAR},
      </if>
      <if test="record.userRemark != null" >
        user_remark = #{record.userRemark,jdbcType=VARCHAR},
      </if>
      <if test="record.userExtra != null" >
        user_extra = #{record.userExtra,jdbcType=VARCHAR},
      </if>
    </set>
    <if test="_parameter != null" >
      <include refid="Update_By_Example_Where_Clause" />
    </if>
  </update>
  <update id="updateByExample" parameterType="map" >
    update user
    set user_id = #{record.userId,jdbcType=INTEGER},
      user_name = #{record.userName,jdbcType=VARCHAR},
      user_password = #{record.userPassword,jdbcType=VARCHAR},
      user_email = #{record.userEmail,jdbcType=VARCHAR},
      user_phone = #{record.userPhone,jdbcType=VARCHAR},
      user_headImage = #{record.userHeadimage,jdbcType=VARCHAR},
      user_signature = #{record.userSignature,jdbcType=VARCHAR},
      user_role = #{record.userRole,jdbcType=INTEGER},
      user_lastLogin = #{record.userLastlogin,jdbcType=VARCHAR},
      user_remark = #{record.userRemark,jdbcType=VARCHAR},
      user_extra = #{record.userExtra,jdbcType=VARCHAR}
    <if test="_parameter != null" >
      <include refid="Update_By_Example_Where_Clause" />
    </if>
  </update>
  <update id="updateByPrimaryKeySelective" parameterType="cn.edu.bupt.bnrc.pojo.User" >
    update user
    <set >
      <if test="userName != null" >
        user_name = #{userName,jdbcType=VARCHAR},
      </if>
      <if test="userPassword != null" >
        user_password = #{userPassword,jdbcType=VARCHAR},
      </if>
      <if test="userEmail != null" >
        user_email = #{userEmail,jdbcType=VARCHAR},
      </if>
      <if test="userPhone != null" >
        user_phone = #{userPhone,jdbcType=VARCHAR},
      </if>
      <if test="userHeadimage != null" >
        user_headImage = #{userHeadimage,jdbcType=VARCHAR},
      </if>
      <if test="userSignature != null" >
        user_signature = #{userSignature,jdbcType=VARCHAR},
      </if>
      <if test="userRole != null" >
        user_role = #{userRole,jdbcType=INTEGER},
      </if>
      <if test="userLastlogin != null" >
        user_lastLogin = #{userLastlogin,jdbcType=VARCHAR},
      </if>
      <if test="userRemark != null" >
        user_remark = #{userRemark,jdbcType=VARCHAR},
      </if>
      <if test="userExtra != null" >
        user_extra = #{userExtra,jdbcType=VARCHAR},
      </if>
    </set>
    where user_id = #{userId,jdbcType=INTEGER}
  </update>
  <update id="updateByPrimaryKey" parameterType="cn.edu.bupt.bnrc.pojo.User" >
    update user
    set user_name = #{userName,jdbcType=VARCHAR},
      user_password = #{userPassword,jdbcType=VARCHAR},
      user_email = #{userEmail,jdbcType=VARCHAR},
      user_phone = #{userPhone,jdbcType=VARCHAR},
      user_headImage = #{userHeadimage,jdbcType=VARCHAR},
      user_signature = #{userSignature,jdbcType=VARCHAR},
      user_role = #{userRole,jdbcType=INTEGER},
      user_lastLogin = #{userLastlogin,jdbcType=VARCHAR},
      user_remark = #{userRemark,jdbcType=VARCHAR},
      user_extra = #{userExtra,jdbcType=VARCHAR}
    where user_id = #{userId,jdbcType=INTEGER}
  </update>
</mapper>